0,machine
1,like
2,garden
3,need
4,different
5,things
6,different
7,days
8,little
9,sun
10,today
11,little
12,less
13,water
14,tomorrow
15,fallow
16,fruitful
17,seasons
18,design
19,flaw
20,wiser
21,perpetual
22,sameness
23,garden
24,need
25,today
26,everything
27,could
28,going
29,well
30,lately
31,maybe
32,you’ve
33,consistent
34,goals
35,you’ve
36,well
37,school
38,you’ve
39,keeping
40,fitness
41,one
42,morning
43,afternoon
44,evening
45,feeling
46,inevitably
47,comes
48,maybe
49,something
50,reminded
51,past
52,bad
53,event
54,brought
55,old
56,feelings
57,sadness
58,anxiety
59,trauma
60,sometimes
61,even
62,feels
63,like
64,whenever
65,feel
66,genuinely
67,happy
68,something
69,bad
70,bound
71,happen
72,maybe
73,something
74,occurred
75,didn’t
76,go
77,think
78,would
79,didn’t
80,go
81,planned
82,job
83,relationships
84,school
85,seems
86,like
87,progress
88,you’ve
89,made
90,dissipated
91,doesn’t
92,meaning
93,logical
94,brain
95,knows
96,it’s
97,true
98,matter
99,emotions
100,takeover
101,lead
102,dark
103,place
104,think
105,“here
106,go
107,again”
108,honestly
109,happened
110,recently
111,know
112,i’m
113,one
114,goes
115,i’m
116,going
117,let
118,sucked
119,dark
120,hole
121,picked
122,camera
123,join
124,days
125,trying
126,feel
127,better
128,life
129,tumultuous
130,excited
131,confused
132,disorderly
133,however
134,calm
135,stable
136,someone’s
137,life
138,appears
139,closer
140,look
141,reveal
142,ups
143,downs
144,they’re
145,part
146,human
147,experience
148,like
149,sometimes
150,imagine
151,ups
152,downs
153,life
154,like
155,heartbeat
156,straight
157,line
158,life
159,would
160,like
161,heart
162,rate
163,monitor
164,i’ve
165,accepted
166,inevitability
167,thinking
168,downs
169,you’re
170,peak
171,really
172,takes
173,away
174,moment
175,happiness
176,struggle
177,lot
178,thinking
179,whatifs
180,much
181,spoils
182,happiness
183,front
184,time
185,since
186,i’ve
187,aware
188,phenomenon
189,use
190,advantage
191,see
192,way
193,around
194,motivate
195,challenging
196,period
197,low
198,point
199,know
200,sooner
201,later
202,it’s
203,inevitable
204,number
205,one
206,find
207,things
208,look
209,forward
210,sometimes
211,enter
212,dark
213,place
214,seems
215,like
216,future
217,really
218,hopeless
219,events
220,control
221,like
222,impossible
223,cost
224,living
225,environmental
226,concerns
227,bring
228,lot
229,accomplishments
230,seems
231,meaningless
232,grand
233,scheme
234,things
235,therefore
236,try
237,look
238,closer
239,smaller
240,even
241,superficial
242,things
243,get
244,life
245,day
246,day
247,every
248,sunday
249,new
250,episode
251,favourite
252,show
253,releases
254,you’re
255,curious
256,90
257,day
258,fiance
259,lol
260,recently
261,i’ve
262,looking
263,forward
264,journaling
265,every
266,night
267,release
268,creativity
269,thoughts
270,things
271,could
272,sports
273,games
274,something
275,small
276,you’re
277,saving
278,buy
279,know
280,people
281,say
282,live
283,present
284,moment
285,works
286,sometimes
287,“during
288,particularly
289,stressful
290,moments
291,time
292,beneficial
293,something
294,look
295,forward
296,to”
297,says
298,atlanta
299,therapist
300,lenaya
301,smith
302,crawford
303,number
304,two
305,change
306,routine
307,go
308,comfort
309,zone
310,i’ve
311,always
312,told
313,im
314,boring
315,person
316,don’t
317,like
318,spontaneity
319,like
320,routine
321,order
322,comfortable
323,sometimes
324,think
325,that’s
326,something
327,i’ve
328,telling
329,avoid
330,going
331,comfort
332,zone
333,find
334,going
335,day
336,day
337,things
338,course
339,that’s
340,going
341,boring
342,feels
343,like
344,i’m
345,going
346,motions
347,everyday
348,life
349,truly
350,living
351,time
352,threw
353,planner
354,decided
355,take
356,spontaneous
357,trip
358,see
359,best
360,friend
361,different
362,city
363,also
364,visit
365,parents
366,haven’t
367,seen
368,months
369,excitement
370,spontaneity
371,refreshing
372,rare
373,didn’t
374,plan
375,advance
376,felt
377,relaxed
378,flexible
379,different
380,things
381,made
382,feel
383,like
384,wasn’t
385,missing
386,moments
387,joy
388,i’m
389,one
390,feels
391,way
392,72
393,percent
394,said
395,feel
396,happier
397,act
398,spontaneously
399,way
400,according
401,study
402,conducted
403,onepoll
404,maybe
405,it’s
406,time
407,veto
408,schedule
409,think
410,entirety
411,spring
412,break
413,stayed
414,room
415,brooded
416,sometimes
417,want
418,escape
419,wild
420,im
421,like
422,im
423,going
424,survive
425,literally
426,need
427,popsicle
428,im
429,upset
430,thank
431,hi
432,everyone
433,currently
434,1230
435,interview
436,one
437,morning
438,hectic
439,like
440,woke
441,1030
442,spaced
443,thinking
444,taking
445,selfdate
446,dont
447,want
448,keep
449,long
450,came
451,200
452,cold
453,know
454,looks
455,little
456,weird
457,anyway
458,okay
459,ill
460,see
461,guys
462,bit
463,finished
464,interview
465,interviewer
466,really
467,nice
468,said
469,shell
470,let
471,know
472,updates
473,went
474,either
475,end
476,today
477,end
478,tomorrow
479,think
480,said
481,end
482,tomorrow
483,cant
484,remember
485,fingers
486,touching
487,light
488,oh
489,god
490,cold
491,brought
492,scarf
493,oh
494,god
495,thought
496,going
497,warm
498,oh
499,little
500,loud
501,im
502,sorry
503,apologize
504,sound
505,wind
506,car
507,oh
508,god
509,nice
510,okay
511,wanted
512,go
513,thrift
514,shop
515,little
516,farther
517,usually
518,goodwills
519,farther
520,city
521,good
522,stuff
523,weather
524,nice
525,look
526,time
527,cross
528,many
529,cars
530,ill
531,waiting
532,meet
533,stars
534,align
535,meet
536,waiting
537,cotton
538,candy
539,clouds
540,reflected
541,eyes
542,merrygorounds
543,heart
544,ive
545,looking
546,long
547,maxi
548,dresses
549,like
550,kind
551,plain
552,also
553,go
554,lot
555,different
556,outfits
557,thank
558,ill
559,waiting
560,left
561,ill
562,waiting
563,chatting
564,coffee
565,shop
566,sitting
567,window
568,oh
569,god
570,freaking
571,wind
572,cant
573,even
574,speak
575,okay
576,didnt
577,know
578,jamaica
579,plain
580,many
581,thrift
582,stores
583,im
584,shocked
585,need
586,meet
587,friend
588,five
589,dinner
590,im
591,gonna
592,head
593,back
594,bay
595,didnt
596,explore
597,entirety
598,jamaica
599,plain
600,went
601,four
602,vintage
603,slash
604,thrift
605,stores
606,honestly
607,nice
608,nice
609,fingers
610,touching
611,light
612,pull
613,back
614,blush
615,light
616,call
617,get
618,back
619,home
620,really
621,nice
622,though
623,sun
624,version
625,sunbathing
626,sunbathing
627,winter
628,record
629,tough
630,fine
631,cant
632,really
633,fall
634,anywhere
635,happen
636,okay
637,got
638,train
639,train
640,bad
641,could
642,barely
643,squeeze
644,think
645,last
646,two
647,people
648,actually
649,squeezed
650,okay
651,whatever
652,needed
653,flashing
654,signs
655,disappear
656,really
657,like
658,team
659,says
660,jasmine
661,tea
662,oh
663,ones
664,best
665,seller
666,kind
667,want
668,try
669,ones
670,thought
671,chocolate
672,chips
673,ill
674,waiting
675,left
676,okay
677,came
678,back
679,eye
680,doctors
681,appointment
682,prescription
683,didnt
684,change
685,interview
686,yesterday
687,got
688,rejected
689,like
690,great
691,um
692,nothing
693,im
694,gonna
695,stay
696,home
697,um
698,want
699,say
700,chips
701,great
702,salty
703,remember
704,ive
705,gotten
706,salty
707,salty
708,like
709,im
710,chugging
711,water
712,oh
713,god
714,thank
715,longest
716,period
717,time
718,ever
719,since
720,december
721,never
722,went
723,didnt
724,go
725,house
726,six
727,days
728,would
729,say
730,think
731,also
732,hard
733,make
734,whether
735,like
736,day
737,night
738,room
739,literally
740,place
741,even
742,complain
743,im
744,sad
745,literally
746,couldnt
747,even
748,see
749,light
750,coming
751,itll
752,daylight
753,itll
754,look
755,like
756,night
757,curtains
758,thick
759,yeah
760,sign
761,like
762,let
763,sun
764,might
765,want
766,curtain
767,star
768,makes
769,feel
770,safe
771,like
772,rooms
773,dim
774,curtains
775,like
776,way
777,probably
778,vampire
779,think
780,entirety
781,spring
782,break
783,stayed
784,room
785,ironic
786,expected
787,spring
788,break
789,go
790,idea
791,im
792,honestly
793,feel
794,better
795,need
796,go
797,walk
798,around
799,know
800,need
801,go
802,interact
803,surrounding
804,ive
805,room
806,laying
807,bed
808,extremely
809,pessimistic
810,gets
811,dark
812,point
813,youre
814,like
815,things
816,might
817,never
818,get
819,better
820,youre
821,comfortable
822,sadness
823,alone
824,room
825,thoughts
826,really
827,scary
828,mind
829,get
830,really
831,dark
832,feel
833,know
834,really
835,treasure
836,good
837,moments
838,literally
839,im
840,pain
841,woke
842,11
843,hungry
844,lazy
845,like
846,like
847,thats
848,lazy
849,yeah
850,dont
851,think
852,showered
853,couple
854,days
855,know
856,whats
857,really
858,funny
859,ive
860,drinking
861,lot
862,water
863,thats
864,funny
865,like
866,literally
867,getting
868,really
869,tired
870,journaling
871,know
872,started
873,speaking
874,boys
875,like
876,yeah
877,im
878,feeling
879,good
880,shouldnt
881,hard
882,though
883,honestly
884,might
885,sound
886,silly
887,guys
888,really
889,think
890,helps
891,somebody
892,want
893,move
894,country
895,sometimes
896,want
897,escape
898,wild
899,im
900,like
901,im
902,gonna
903,survive
904,literally
905,need
906,popsicle
907,gonna
908,get
909,popsicle
910,wild
911,im
912,gonna
913,get
914,eaten
915,bear
916,eat
917,humans
918,eat
919,berries
920,dont
921,know
922,im
923,22
924,nothing
925,figured
926,life
927,im
928,upset
929,feel
930,like
931,nothing
932,going
933,way
934,want
935,im
936,like
937,cannot
938,say
939,grateful
940,know
941,whos
942,biggest
943,enemy
944,im
945,pretty
946,hopeless
947,feel
948,like
949,disappointment
950,dont
951,feel
952,extremely
953,pretty
954,lets
955,honest
956,feel
957,like
958,everyone
959,succeeding
960,except
961,moving
962,forward
963,dont
964,know
965,go
966,paper
967,write
968,literally
969,due
970,tomorrow
971,4
972,pm
973,hasnt
974,even
975,started
976,also
977,recently
978,purchased
979,lot
980,different
981,trader
982,joes
983,snacks
984,little
985,dress
986,thrifted
987,um
988,well
989,sewing
990,part
991,see
992,im
993,gonna
994,sew
995,like
996,kind
997,like
998,rest
999,thank
1000,hide
1001,thread
1002,would
1003,guys
1004,know
1005,probably
1006,cringe
1007,right
1008,apologize
1009,okay
1010,dont
1011,know
1012,im
1013,oh
1014,god
1015,see
1016,original
1017,buttons
1018,ice
1019,see
1020,thing
1021,um
1022,inside
1023,patchy
1024,work
1025,oh
1026,god
1027,whats
1028,oh
1029,wait
1030,didnt
1031,dont
1032,know
1033,whats
1034,feel
1035,little
1036,better
1037,dont
1038,coffee
1039,trader
1040,joes
1041,cold
1042,brew
1043,one
1044,okay
1045,got
1046,ready
1047,im
1048,gonna
1049,go
1050,class
1051,oh
1052,skies
1053,windy
1054,oh
1055,god
1056,finally
1057,got
1058,cafe
1059,im
1060,seat
1061,theres
1062,outlet
1063,need
1064,charge
1065,find
1066,seat
1067,hopefully
1068,one
1069,like
1070,outlet
1071,seats
1072,empty
1073,sit
1074,feeling
1075,lot
1076,better
1077,sun
1078,made
1079,happy
1080,havent
1081,eating
1082,ive
1083,cooking
1084,home
1085,im
1086,hungry
1087,im
1088,gonna
1089,get
1090,drink
1091,thank
1092,think
1093,going
1094,time
1095,period
1096,feeling
1097,hopeless
1098,really
1099,scary
1100,feeling
1101,fun
1102,fun
1103,going
1104,something
1105,like
1106,sometimes
1107,dont
1108,know
1109,gonna
1110,get
1111,better
1112,girls
1113,like
1114,youre
1115,gonna
1116,get
1117,better
1118,theres
1119,timeline
1120,everythings
1121,really
1122,scary
1123,yeah
1124,know
1125,gonna
1126,get
1127,better
1128,cant
1129,live
1130,prediction
1131,know
1132,cant
1133,live
1134,words
1135,like
1136,gonna
1137,get
1138,better
1139,going
1140,fun
1141,uh
1142,part
1143,life
1144,know
1145,um
1146,guys
1147,enjoyed
1148,vlog
1149,um
1150,let
1151,know
1152,guys
1153,think
1154,see
1155,guys
1156,next
1157,week
1158,bye
1159,oh
1160,god
1161,might
1162,get
1163,emotional
1164,okay
1165,biggest
1166,thing
1167,wanna
1168,tell
1169,okay
1170,struggle
1171,anyone
1172,struggling
1173,know
1174,youre
1175,alone
1176,theres
1177,people
1178,going
1179,youre
1180,going
1181,good
1182,think
1183,sometimes
1184,people
1185,dont
1186,give
1187,permission
1188,honor
1189,good
1190,feel
1191,real
1192,matters
1193,right
1194,might
1195,feeling
1196,like
1197,way
1198,might
1199,feeling
1200,like
1201,way
1202,end
1203,youre
1204,robbing
1205,opportunity
1206,find
1207,happiness
1208,realize
1209,beautiful
1210,life
1211,really
1212,give
1213,break
1214,take
1215,time
1216,even
1217,day
1218,weekend
1219,something
1220,patient
1221,go
1222,hard
1223,times
1224,dont
1225,let
1226,anyone
1227,tell
1228,discourage
1229,youre
1230,going
1231,went
1232,going
1233,difficult
1234,time
1235,parents
1236,didnt
1237,know
1238,communicate
1239,didnt
1240,know
1241,communicate
1242,world
1243,big
1244,internet
1245,resources
1246,know
1247,right
1248,questions
1249,ask
1250,figure
1251,find
1252,people
1253,going
1254,things
1255,get
1256,couch
1257,get
1258,couch
1259,know
1260,easy
1261,sink
1262,youre
1263,feeling
1264,crummy
1265,force
1266,walk
1267,make
1268,sure
1269,youre
1270,moving
1271,body
1272,whatever
1273,looks
1274,like
1275,dance
1276,yoga
1277,hiking
1278,football
1279,anything
1280,move
1281,body
1282,whatever
1283,takes
1284,go
1285,get
1286,help
1287,live
1288,place
1289,get
1290,help
1291,takes
1292,five
1293,weeks
1294,three
1295,weeks
1296,month
1297,wait
1298,patiently
1299,dont
1300,give
1301,dont
1302,give
1303,life
1304,eventually
1305,person
1306,trust
1307,want
1308,remember
1309,create
1310,something
1311,pain
1312,youre
1313,feeling
1314,help
1315,people
1316,midst
1317,love
1318,patient
1319,things
1320,make
1321,wonderful
1322,unique
1323,develop
1324,personality
1325,develop
1326,person
1327,meant
1328,become
1329,know
1330,loved
1331,youre
1332,special
1333,youre
1334,wonderful
1335,everyday
1336,ill
1337,write
1338,things
1339,im
1340,grateful
1341,im
1342,dark
1343,places
1344,even
1345,dont
1346,believe
1347,look
1348,list
1349,say
1350,loud
1351,remind
1352,going
1353,okay
1354,much
1355,live
1356,good
1357,forgive
1358,kind
1359,deserve
1360,starts
1361,promise
1362,promise
1363,itll
1364,get
1365,better
1366,find
1367,people
1368,care
1369,one
1370,care
1371,stick
1372,advocate
1373,cause
1374,youre
1375,worth
1376,things
1377,start
1378,happen
1379,motion
1380,start
1381,happen
1382,never
1383,ever
1384,ever
1385,going
1386,cutanddry
1387,easy
1388,blackandwhite
1389,im
1390,anxious
1391,feel
1392,better
1393,never
1394,going
1395,end
1396,day
1397,feels
1398,much
1399,better
1400,move
1401,forward
1402,stay
1403,stuck
1404,know
1405,brain
1406,works
1407,order
1408,catch
1409,bad
1410,things
1411,cause
1412,brain
1413,really
1414,tricky
1415,tell
1416,things
1417,arent
1418,true
1419,knowing
1420,would
1421,remember
1422,negative
1423,experience
1424,id
1425,remember
1426,positive
1427,would
1428,really
1429,make
1430,mission
1431,go
1432,okay
1433,positive
1434,experiences
1435,person
1436,equal
1437,im
1438,gonna
1439,choose
1440,let
1441,negative
1442,experience
1443,go
1444,hard
1445,words
1446,honestly
1447,feels
1448,different
1449,different
1450,times
1451,anxiety
1452,high
1453,feels
1454,like
1455,absolute
1456,inability
1457,make
1458,decisions
1459,like
1460,would
1461,rather
1462,something
1463,decide
1464,almost
1465,paralyzing
1466,odd
1467,cause
1468,seems
1469,like
1470,simple
1471,wanna
1472,go
1473,walk
1474,sit
1475,couch
1476,watch
1477,tv
1478,im
1479,like
1480,cant
1481,figure
1482,dont
1483,brain
1484,power
1485,feels
1486,like
1487,decision
1488,fatigue
1489,depression
1490,different
1491,version
1492,feels
1493,restricted
1494,like
1495,youre
1496,trying
1497,put
1498,like
1499,latex
1500,glove
1501,thats
1502,way
1503,small
1504,hand
1505,also
1506,sort
1507,coincides
1508,feeling
1509,excited
1510,anything
1511,day
1512,feel
1513,great
1514,even
1515,normal
1516,get
1517,excited
1518,things
1519,like
1520,youre
1521,like
1522,oh
1523,im
1524,gonna
1525,pizza
1526,today
1527,im
1528,gonna
1529,see
1530,friend
1531,today
1532,fun
1533,things
1534,life
1535,im
1536,depression
1537,like
1538,none
1539,things
1540,exciting
1541,seem
1542,worth
1543,theres
1544,real
1545,disconnect
1546,know
1547,logically
1548,feeling
1549,induces
1550,happiness
1551,like
1552,depression
1553,let
1554,recognize
1555,feelings
1556,40
1557,dont
1558,like
1559,believe
1560,anything
1561,taboo
1562,anymore
1563,like
1564,talked
1565,kids
1566,sex
1567,yes
1568,theyre
1569,young
1570,wanted
1571,know
1572,got
1573,talked
1574,grossed
1575,left
1576,room
1577,thats
1578,fine
1579,think
1580,anything
1581,thats
1582,taboo
1583,hard
1584,talk
1585,first
1586,priorities
1587,talking
1588,support
1589,systems
1590,life
1591,wish
1592,known
1593,person
1594,public
1595,eye
1596,talk
1597,publicly
1598,earlier
1599,date
1600,acting
1601,publicity
1602,last
1603,stretch
1604,two
1605,movies
1606,press
1607,tour
1608,done
1609,interviews
1610,lying
1611,bed
1612,sam
1613,jones
1614,long
1615,form
1616,interview
1617,like
1618,like
1619,45
1620,minute
1621,hour
1622,sit
1623,better
1624,prepared
1625,talk
1626,said
1627,husband
1628,god
1629,nothing
1630,talk
1631,feel
1632,exhausted
1633,like
1634,ive
1635,said
1636,every
1637,story
1638,life
1639,said
1640,dont
1641,talk
1642,struggle
1643,anxiety
1644,depression
1645,like
1646,huge
1647,light
1648,bulb
1649,like
1650,ive
1651,never
1652,done
1653,experiencing
1654,thing
1655,everyone
1656,like
1657,well
1658,dont
1659,talk
1660,felt
1661,inauthentic
1662,irresponsible
1663,presenting
1664,like
1665,bubbly
1666,happy
1667,person
1668,someone
1669,cultivate
1670,nurture
1671,try
1672,really
1673,hard
1674,exist
1675,wasnt
1676,honest
1677,people
1678,like
1679,girls
1680,may
1681,look
1682,like
1683,okay
1684,im
1685,gonna
1686,talk
1687,dont
1688,even
1689,think
1690,sam
1691,knew
1692,interview
1693,like
1694,actually
1695,period
1696,life
1697,periods
1698,often
1699,sometimes
1700,random
1701,wednesday
1702,feel
1703,way
1704,started
1705,get
1706,depth
1707,found
1708,really
1709,happy
1710,admitting
1711,response
1712,got
1713,interview
1714,like
1715,astounding
1716,like
1717,many
1718,people
1719,saying
1720,ive
1721,felt
1722,way
1723,thank
1724,saying
1725,loud
1726,gave
1727,courage
1728,say
1729,loud
1730,practically
1731,nothing
1732,honest
1733,authentic
1734,huge
1735,turning
1736,point
1737,life
1738,felt
1739,huge
1740,sense
1741,responsibility
1742,kept
1743,talking
1744,talk
1745,lot
1746,started
1747,noticing
1748,like
1749,feeling
1750,disconnected
1751,probably
1752,18
1753,19
1754,moved
1755,detroit
1756,new
1757,york
1758,turned
1759,18
1760,like
1761,two
1762,weeks
1763,18
1764,excited
1765,wanted
1766,going
1767,nyu
1768,studying
1769,musical
1770,theater
1771,living
1772,beautiful
1773,like
1774,melting
1775,pot
1776,cultural
1777,city
1778,seeing
1779,broadway
1780,shows
1781,night
1782,wonderful
1783,felt
1784,like
1785,wrote
1786,life
1787,paper
1788,many
1789,opportunities
1790,much
1791,privilege
1792,much
1793,access
1794,happiness
1795,yet
1796,feelings
1797,18
1798,year
1799,old
1800,living
1801,new
1802,york
1803,city
1804,like
1805,yes
1806,like
1807,exciting
1808,wasnt
1809,felt
1810,like
1811,sort
1812,followed
1813,weird
1814,dark
1815,cloud
1816,didnt
1817,allow
1818,see
1819,happiness
1820,around
1821,lucky
1822,felt
1823,bones
1824,wasnt
1825,hate
1826,use
1827,word
1828,feeling
1829,could
1830,feeling
1831,guess
1832,lucky
1833,enough
1834,mom
1835,sat
1836,conversation
1837,said
1838,hey
1839,quick
1840,heads
1841,experienced
1842,feelings
1843,sometimes
1844,grandmother
1845,experienced
1846,feelings
1847,sometimes
1848,shes
1849,nurse
1850,recognized
1851,could
1852,hereditary
1853,component
1854,serotonin
1855,imbalance
1856,said
1857,start
1858,feel
1859,things
1860,know
1861,variety
1862,ways
1863,reach
1864,people
1865,try
1866,fix
1867,dont
1868,sort
1869,live
1870,like
1871,hard
1872,thing
1873,like
1874,dont
1875,like
1876,theres
1877,sort
1878,stigma
1879,get
1880,weird
1881,thing
1882,talk
1883,cause
1884,affliction
1885,see
1886,like
1887,hard
1888,thing
1889,guess
1890,diagnose
1891,also
1892,acknowledge
1893,lot
1894,families
1895,support
1896,systems
1897,anyone
1898,life
1899,dont
1900,know
1901,talk
1902,especially
1903,arent
1904,feeling
1905,think
1906,upper
1907,hand
1908,mom
1909,explained
1910,medical
1911,way
1912,early
1913,like
1914,oh
1915,okay
1916,sort
1917,armed
1918,information
1919,could
1920,happen
1921,maybe
1922,never
1923,theres
1924,access
1925,help
1926,knew
1927,ways
1928,like
1929,talking
1930,friend
1931,finding
1932,therapist
1933,talking
1934,psychiatrist
1935,psychologist
1936,knowing
1937,changed
1938,everything
1939,even
1940,youre
1941,experiencing
1942,mental
1943,health
1944,issues
1945,would
1946,hope
1947,would
1948,walk
1949,life
1950,open
1951,ready
1952,shoulder
1953,someone
1954,needs
1955,reality
1956,born
1957,us
1958,born
1959,ton
1960,confidence
1961,born
1962,really
1963,timid
1964,feel
1965,like
1966,maybe
1967,maternal
1968,instincts
1969,talking
1970,dont
1971,want
1972,anyone
1973,feel
1974,like
1975,dont
1976,support
1977,system
1978,collectively
1979,society
1980,like
1981,self
1982,care
1983,whole
1984,idea
1985,also
1986,include
1987,caring
1988,obviously
1989,person
1990,identify
1991,feeling
1992,say
1993,need
1994,help
1995,think
1996,people
1997,around
1998,love
1999,say
2000,okay
2001,let
2002,see
2003,support
2004,even
2005,thats
2006,checking
2007,one
2008,video
2009,5
2010,manic
2011,episode
2012,earlier
2013,year
2014,hyper
2015,changing
2016,color
2017,shades
2018,trousers
2019,hanging
2020,wardrobe
2021,went
2022,one
2023,know
2024,proper
2025,sort
2026,gradation
2027,suppose
2028,people
2029,call
2030,ocd
2031,forgive
2032,youre
2033,talk
2034,rapidly
2035,always
2036,go
2037,bit
2038,high
2039,notice
2040,speeds
2041,um
2042,dont
2043,notice
2044,much
2045,close
2046,yeah
2047,sister
2048,clearly
2049,um
2050,text
2051,straight
2052,away
2053,weve
2054,conversation
2055,phone
2056,friends
2057,family
2058,sense
2059,youve
2060,gone
2061,little
2062,high
2063,people
2064,think
2065,high
2066,rather
2067,jolly
2068,happy
2069,great
2070,place
2071,think
2072,times
2073,makes
2074,quite
2075,distressed
2076,well
2077,would
2078,absolutely
2079,particular
2080,time
2081,saying
2082,think
2083,certainly
2084,close
2085,friends
2086,family
2087,said
2088,know
2089,please
2090,dont
2091,send
2092,straight
2093,away
2094,ambulance
2095,think
2096,know
2097,jon
2098,arc
2099,felt
2100,know
2101,think
2102,understand
2103,sort
2104,inner
2105,radiant
2106,sense
2107,absolute
2108,purpose
2109,um
2110,complete
2111,confidence
2112,drive
2113,kind
2114,um
2115,connection
2116,entire
2117,universe
2118,sounds
2119,absolute
2120,pi
2121,think
2122,hey
2123,everyone
2124,um
2125,wanted
2126,catch
2127,um
2128,say
2129,im
2130,feeling
2131,got
2132,bit
2133,cold
2134,um
2135,today
2136,um
2137,dont
2138,know
2139,anyway
2140,um
2141,know
2142,friends
2143,um
2144,ive
2145,gripped
2146,um
2147,depressive
2148,episode
2149,last
2150,couple
2151,weeks
2152,started
2153,pretty
2154,minor
2155,went
2156,week
2157,um
2158,got
2159,point
2160,taken
2161,e
2162,well
2163,um
2164,last
2165,days
2166,improving
2167,im
2168,glad
2169,say
2170,im
2171,walking
2172,dog
2173,im
2174,today
2175,need
2176,short
2177,one
2178,im
2179,bit
2180,paranoid
2181,people
2182,im
2183,laughing
2184,joking
2185,think
2186,directed
2187,although
2188,um
2189,bought
2190,diary
2191,um
2192,im
2193,going
2194,fill
2195,make
2196,small
2197,tasks
2198,every
2199,day
2200,go
2201,really
2202,um
2203,yeah
2204,next
2205,plan
2206,tonight
2207,shower
2208,last
2209,days
2210,couldnt
2211,um
2212,dont
2213,smell
2214,though
2215,um
2216,tomorrow
2217,im
2218,gonna
2219,start
2220,housework
2221,must
2222,neglected
2223,um
2224,feel
2225,shame
2226,um
2227,im
2228,accepting
2229,fact
2230,thats
2231,way
2232,things
2233,thats
2234,way
2235,um
2236,yeah
2237,anyway
2238,hope
2239,youre
2240,well
2241,um
2242,im
2243,jk
2244,bad
2245,day
2246,itll
2247,get
2248,better
2249,um
2250,trust
2251,um
2252,go
2253,better
2254,um
2255,good
2256,weekend
2257,um
2258,good
2259,christmas
2260,ill
2261,catch
2262,take
2263,care
2264,name
2265,riley
2266,douglas
2267,im
2268,utah
2269,suffered
2270,major
2271,depressive
2272,disorder
2273,severe
2274,anxiety
2275,referred
2276,serenity
2277,therapist
2278,bouncing
2279,therapist
2280,therapist
2281,multiple
2282,times
2283,trying
2284,different
2285,medications
2286,found
2287,great
2288,therapist
2289,referred
2290,try
2291,tms
2292,said
2293,lets
2294,give
2295,shot
2296,like
2297,15
2298,years
2299,ive
2300,struggling
2301,depression
2302,anxiety
2303,work
2304,hard
2305,due
2306,motivation
2307,wanting
2308,dont
2309,goals
2310,dont
2311,want
2312,good
2313,anything
2314,course
2315,personal
2316,life
2317,short
2318,tempered
2319,motivated
2320,didnt
2321,want
2322,invest
2323,anyone
2324,went
2325,away
2326,everybody
2327,tried
2328,much
2329,could
2330,depression
2331,felt
2332,like
2333,big
2334,weight
2335,back
2336,chest
2337,felt
2338,like
2339,really
2340,hard
2341,workout
2342,youre
2343,tired
2344,felt
2345,like
2346,took
2347,energy
2348,never
2349,wanted
2350,anything
2351,matter
2352,much
2353,sleep
2354,got
2355,matter
2356,many
2357,coffees
2358,drank
2359,always
2360,tired
2361,never
2362,wanted
2363,anything
2364,felt
2365,like
2366,everything
2367,pointless
2368,experience
2369,serenity
2370,phenomenal
2371,first
2372,appointment
2373,seeing
2374,options
2375,way
2376,last
2377,one
2378,amazing
2379,experience
2380,tms
2381,fun
2382,technician
2383,awesome
2384,felt
2385,like
2386,friendship
2387,positivity
2388,positive
2389,30
2390,minutes
2391,treatment
2392,changed
2393,everything
2394,everything
2395,learned
2396,treatment
2397,helped
2398,therapist
2399,someone
2400,told
2401,dont
2402,want
2403,put
2404,effort
2405,dont
2406,deserve
2407,know
2408,tms
2409,wont
2410,work
2411,id
2412,tell
2413,theyre
2414,wrong
2415,thats
2416,exactly
2417,felt
2418,bouncing
2419,every
2420,category
2421,medication
2422,every
2423,type
2424,treatment
2425,kind
2426,coming
2427,knowing
2428,ton
2429,thinking
2430,rainbows
2431,butterflies
2432,worth
2433,really
2434,real
2435,theres
2436,way
2437,describe
2438,try
2439,prior
2440,tms
2441,everything
2442,felt
2443,like
2444,everything
2445,chore
2446,everything
2447,task
2448,anything
2449,laundry
2450,even
2451,waking
2452,morning
2453,everything
2454,felt
2455,like
2456,hardest
2457,thing
2458,world
2459,feel
2460,like
2461,life
2462,back
2463,think
2464,future
2465,lot
2466,think
2467,family
2468,thinking
2469,starting
2470,business
2471,really
2472,everythings
2473,possibility
2474,rather
2475,thinking
2476,week
2477,ahead
2478,think
2479,five
2480,years
2481,ahead
2482,thats
2483,something
2484,cant
2485,thankful
2486,okay
2487,im
2488,recording
2489,quick
2490,video
2491,really
2492,nice
2493,right
2494,im
2495,actually
2496,going
2497,keep
2498,video
2499,like
2500,um
2501,im
2502,feeling
2503,good
2504,energy
2505,kind
2506,well
2507,im
2508,feeling
2509,im
2510,feeling
2511,fine
2512,like
2513,guess
2514,thats
2515,way
2516,put
2517,kind
2518,havent
2519,life
2520,nothings
2521,truly
2522,wrong
2523,like
2524,im
2525,terrible
2526,issue
2527,mind
2528,right
2529,keep
2530,limiting
2531,certain
2532,beliefs
2533,thoughts
2534,like
2535,cant
2536,cant
2537,ive
2538,created
2539,whole
2540,freaking
2541,prison
2542,like
2543,dont
2544,want
2545,staying
2546,family
2547,anymore
2548,like
2549,know
2550,healthy
2551,whatsoever
2552,like
2553,healthy
2554,like
2555,environment
2556,nowhere
2557,else
2558,go
2559,kind
2560,sucks
2561,dont
2562,know
2563,anywhere
2564,else
2565,go
2566,thinking
2567,like
2568,soon
2569,get
2570,money
2571,soon
2572,im
2573,literally
2574,going
2575,go
2576,different
2577,place
2578,like
2579,completely
2580,like
2581,even
2582,im
2583,like
2584,even
2585,city
2586,im
2587,living
2588,feel
2589,like
2590,thats
2591,way
2592,im
2593,going
2594,able
2595,change
2596,things
2597,like
2598,dont
2599,see
2600,way
2601,um
2602,like
2603,things
2604,changing
2605,like
2606,actually
2607,changing
2608,yeah
2609,theres
2610,kind
2611,dont
2612,know
2613,know
2614,im
2615,supposed
2616,bring
2617,love
2618,world
2619,bring
2620,light
2621,like
2622,show
2623,gifts
2624,supposed
2625,show
2626,gifts
2627,im
2628,able
2629,know
2630,seen
2631,im
2632,like
2633,constantly
2634,know
2635,would
2636,say
2637,hiding
2638,like
2639,staying
2640,away
2641,familys
2642,house
2643,like
2644,know
2645,least
2646,last
2647,year
2648,living
2649,wales
2650,um
2651,live
2652,coming
2653,back
2654,september
2655,kind
2656,definitely
2657,really
2658,acting
2659,purpose
2660,still
2661,something
2662,love
2663,job
2664,know
2665,ive
2666,kind
2667,got
2668,fed
2669,like
2670,right
2671,stupid
2672,like
2673,need
2674,stop
2675,actually
2676,saying
2677,mom
2678,like
2679,model
2680,shoot
2681,coming
2682,still
2683,potentially
2684,go
2685,thats
2686,london
2687,actually
2688,saying
2689,like
2690,listen
2691,might
2692,even
2693,go
2694,different
2695,city
2696,staying
2697,isnt
2698,anything
2699,helping
2700,know
2701,even
2702,like
2703,know
2704,taking
2705,risk
2706,somewhere
2707,new
2708,completely
2709,least
2710,would
2711,get
2712,possible
2713,chance
2714,getting
2715,job
2716,somewhere
2717,yeah
2718,dont
2719,know
2720,way
2721,see
2722,getting
2723,anywhere
2724,right
2725,got
2726,proper
2727,job
2728,saved
2729,money
2730,move
2731,somewhere
2732,different
2733,anytime
2734,ive
2735,tred
2736,get
2737,like
2738,proper
2739,job
2740,live
2741,theyve
2742,declined
2743,offer
2744,like
2745,oh
2746,like
2747,yeah
2748,theres
2749,really
2750,frustrating
2751,ive
2752,got
2753,let
2754,go
2755,like
2756,forcing
2757,energy
2758,realize
2759,things
2760,happen
2761,reason
2762,im
2763,definitely
2764,going
2765,try
2766,al
2767,phones
2768,getting
2769,bit
2770,wet
2771,im
2772,recording
2773,im
2774,sorry
2775,im
2776,definitely
2777,going
2778,try
2779,move
2780,somewhere
2781,different
2782,soon
2783,even
2784,like
2785,big
2786,leap
2787,fa
2788,take
2789,something
2790,take
2791,id
2792,rather
2793,somewhere
2794,new
2795,get
2796,get
2797,somewhere
2798,somewhere
2799,thats
2800,get
2801,nowhere
2802,like
2803,theres
2804,growth
2805,yeah
2806,think
2807,thats
2808,everything
2809,want
2810,say
2811,ill
2812,see
2813,guys
2814,youre
2815,20s
2816,youre
2817,alone
2818,20s
2819,like
2820,stepping
2821,world
2822,feels
2823,wide
2824,open
2825,kind
2826,uncertain
2827,time
2828,youre
2829,figuring
2830,like
2831,slowly
2832,piecing
2833,together
2834,puzzle
2835,picture
2836,box
2837,days
2838,youll
2839,feel
2840,totally
2841,free
2842,excited
2843,like
2844,endless
2845,possibilities
2846,days
2847,though
2848,might
2849,feel
2850,little
2851,lost
2852,wondering
2853,everyone
2854,else
2855,somehow
2856,figured
2857,youre
2858,still
2859,working
2860,friendships
2861,growing
2862,start
2863,shift
2864,sometimes
2865,feels
2866,lonely
2867,people
2868,moving
2869,different
2870,directions
2871,natural
2872,hard
2873,handle
2874,moments
2875,learn
2876,truly
2877,matters
2878,little
2879,little
2880,find
2881,people
2882,understand
2883,youre
2884,coming
2885,20s
2886,full
2887,discoveries
2888,like
2889,makes
2890,happy
2891,feels
2892,right
2893,kind
2894,life
2895,want
2896,actually
2897,build
2898,okay
2899,things
2900,feel
2901,messy
2902,youre
2903,quite
2904,sure
2905,youre
2906,headed
2907,20s
2908,isnt
2909,answers
2910,learning
2911,growing
2912,figuring
2913,way
2914,makes
2915,sense
2916,20s
2917,hard
2918,especially
2919,feel
2920,alone
2921,dont
2922,really
2923,many
2924,friends
2925,one
2926,best
2927,friend
2928,lives
2929,7
2930,hours
2931,away
2932,thats
2933,probably
2934,important
2935,friendship
2936,ever
2937,whole
2938,life
2939,feel
2940,like
2941,really
2942,fantasized
2943,college
2944,thinking
2945,20s
2946,high
2947,expectations
2948,thought
2949,going
2950,form
2951,amazing
2952,friend
2953,group
2954,amazing
2955,friends
2956,would
2957,surrounded
2958,247
2959,like
2960,saw
2961,movies
2962,little
2963,got
2964,college
2965,met
2966,like
2967,two
2968,people
2969,whole
2970,first
2971,year
2972,hung
2973,one
2974,feel
2975,like
2976,youre
2977,kid
2978,expectations
2979,fantasies
2980,going
2981,like
2982,grow
2983,going
2984,like
2985,youre
2986,finally
2987,college
2988,20s
2989,get
2990,exactly
2991,think
2992,going
2993,like
2994,least
2995,didnt
2996,really
2997,form
2998,connection
2999,many
3000,people
3001,simply
3002,hard
3003,make
3004,connections
3005,especially
3006,youre
3007,shy
3008,youre
3009,quiet
3010,one
3011,insecurities
3012,people
3013,dont
3014,really
3015,like
3016,people
3017,dont
3018,really
3019,want
3020,friends
3021,around
3022,feel
3023,like
3024,got
3025,college
3026,felt
3027,like
3028,outside
3029,looking
3030,comparing
3031,people
3032,around
3033,girls
3034,dorm
3035,room
3036,would
3037,hang
3038,would
3039,go
3040,weekends
3041,would
3042,feel
3043,like
3044,something
3045,wrong
3046,couldnt
3047,understand
3048,seemed
3049,easy
3050,everyone
3051,else
3052,hard
3053,first
3054,time
3055,place
3056,without
3057,familiar
3058,faces
3059,overcome
3060,overwhelming
3061,sense
3062,loneliness
3063,sudden
3064,surrounded
3065,people
3066,didnt
3067,know
3068,didnt
3069,grow
3070,didnt
3071,understand
3072,couldnt
3073,figure
3074,way
3075,make
3076,people
3077,understand
3078,hard
3079,share
3080,people
3081,dont
3082,really
3083,know
3084,video
3085,isnt
3086,really
3087,make
3088,friends
3089,cuz
3090,point
3091,life
3092,dont
3093,really
3094,know
3095,answer
3096,kind
3097,hope
3098,gentle
3099,reminder
3100,dont
3101,things
3102,figured
3103,life
3104,look
3105,like
3106,see
3107,tik
3108,tok
3109,life
3110,beautiful
3111,although
3112,fun
3113,things
3114,people
3115,fun
3116,friends
3117,go
3118,explore
3119,party
3120,hang
3121,necessary
3122,live
3123,beautiful
3124,life
3125,experiencing
3126,simple
3127,things
3128,every
3129,day
3130,feel
3131,like
3132,many
3133,us
3134,feel
3135,sense
3136,loss
3137,growing
3138,lot
3139,us
3140,feel
3141,lonely
3142,especially
3143,within
3144,20s
3145,20s
3146,lonely
3147,time
3148,people
3149,move
3150,people
3151,get
3152,new
3153,jobs
3154,people
3155,go
3156,big
3157,cities
3158,normal
3159,feel
3160,alone
3161,youre
3162,changing
3163,youre
3164,growing
3165,youre
3166,evolving
3167,sometimes
3168,need
3169,periods
3170,loneliness
3171,really
3172,appreciate
3173,times
3174,youre
3175,alone
3176,feel
3177,strong
3178,sense
3179,loneliness
3180,feel
3181,alone
3182,feeling
3183,want
3184,let
3185,know
3186,youre
3187,alone
3188,many
3189,people
3190,also
3191,feel
3192,way
3193,lonely
3194,normal
3195,comparing
3196,see
3197,online
3198,comparing
3199,people
3200,wants
3201,new
3202,harm
3203,good
3204,going
3205,period
3206,selfloathing
3207,feeling
3208,sense
3209,jealousy
3210,normal
3211,thats
3212,fine
3213,dont
3214,let
3215,jealousy
3216,consume
3217,use
3218,motivating
3219,factor
3220,strive
3221,life
3222,really
3223,want
3224,really
3225,desire
3226,dont
3227,feel
3228,like
3229,youre
3230,running
3231,time
3232,feel
3233,like
3234,havent
3235,form
3236,solid
3237,friend
3238,group
3239,yet
3240,havent
3241,made
3242,deep
3243,connections
3244,yet
3245,anything
3246,could
3247,happen
3248,time
3249,hasnt
3250,happened
3251,yet
3252,doesnt
3253,mean
3254,going
3255,happen
3256,okay
3257,feel
3258,like
3259,life
3260,messy
3261,right
3262,honestly
3263,thats
3264,part
3265,figuring
3266,works
3267,theres
3268,rush
3269,checklist
3270,complete
3271,youre
3272,allowed
3273,say
3274,things
3275,pace
3276,answers
3277,even
3278,feel
3279,little
3280,lost
3281,along
3282,way
3283,part
3284,growing
3285,even
3286,doesnt
3287,feel
3288,easy
3289,loneliness
3290,might
3291,feel
3292,doesnt
3293,make
3294,less
3295,lovable
3296,less
3297,capable
3298,finding
3299,connection
3300,part
3301,journey
3302,throes
3303,moments
3304,depression
3305,didnt
3306,confidence
3307,could
3308,anything
3309,didnt
3310,think
3311,could
3312,play
3313,piano
3314,couldnt
3315,sing
3316,couldnt
3317,think
3318,critically
3319,make
3320,decisions
3321,like
3322,lawyer
3323,able
3324,course
3325,imaginary
3326,always
3327,abilities
3328,wasnt
3329,able
3330,utilize
3331,time
3332,anybody
3333,talked
3334,skyland
3335,trail
3336,pretty
3337,much
3338,familiar
3339,condition
3340,personal
3341,atmosphere
3342,felt
3343,good
3344,support
3345,episodes
3346,depression
3347,lifetime
3348,previously
3349,gotten
3350,treatment
3351,several
3352,facilities
3353,none
3354,really
3355,effective
3356,skyland
3357,trails
3358,approach
3359,different
3360,particular
3361,type
3362,therapy
3363,got
3364,point
3365,focusing
3366,living
3367,moment
3368,present
3369,moment
3370,really
3371,think
3372,lot
3373,getting
3374,well
3375,dont
3376,worry
3377,future
3378,plan
3379,point
3380,return
3381,fulltime
3382,practice
3383,law
3384,time
3385,around
3386,think
3387,im
3388,going
3389,go
3390,little
3391,bit
3392,differently
3393,im
3394,interested
3395,human
3396,rights
3397,im
3398,interested
3399,international
3400,law
3401,let
3402,let
3403,try
3404,change
3405,save
3406,world
3407,way
3408,um
3409,didnt
3410,friends
3411,people
3412,wouldnt
3413,really
3414,approach
3415,would
3416,sit
3417,alone
3418,lunch
3419,table
3420,need
3421,constantly
3422,wanting
3423,fit
3424,time
3425,dont
3426,fit
3427,felt
3428,like
3429,dont
3430,belong
3431,feel
3432,like
3433,shouldnt
3434,stand
3435,even
3436,belong
3437,like
3438,certain
3439,group
3440,feel
3441,like
3442,imposter
3443,hi
3444,everyone
3445,welcome
3446,back
3447,channel
3448,week
3449,going
3450,talking
3451,feeling
3452,like
3453,outcast
3454,specifically
3455,constantly
3456,feel
3457,like
3458,dont
3459,belong
3460,almost
3461,like
3462,youre
3463,born
3464,outcast
3465,something
3466,want
3467,talk
3468,ive
3469,dealt
3470,whole
3471,life
3472,born
3473,asian
3474,american
3475,kid
3476,shy
3477,introverted
3478,growing
3479,ugly
3480,um
3481,didnt
3482,friends
3483,people
3484,wouldnt
3485,really
3486,approach
3487,remember
3488,lot
3489,times
3490,middle
3491,school
3492,would
3493,sit
3494,alone
3495,lunch
3496,table
3497,would
3498,bring
3499,book
3500,basically
3501,pretend
3502,im
3503,reading
3504,look
3505,like
3506,feel
3507,like
3508,loser
3509,would
3510,friends
3511,sometimes
3512,like
3513,theyre
3514,would
3515,read
3516,didnt
3517,like
3518,popular
3519,know
3520,popular
3521,girls
3522,clothes
3523,amber
3524,uggs
3525,huge
3526,thing
3527,north
3528,face
3529,jackets
3530,huge
3531,thing
3532,didnt
3533,appearance
3534,wise
3535,younger
3536,got
3537,older
3538,anxiety
3539,aspect
3540,like
3541,especially
3542,social
3543,settings
3544,dont
3545,know
3546,people
3547,go
3548,smoothly
3549,theres
3550,people
3551,lot
3552,connections
3553,social
3554,events
3555,would
3556,go
3557,people
3558,go
3559,hey
3560,whats
3561,remember
3562,back
3563,like
3564,freshman
3565,year
3566,college
3567,said
3568,upperclassmen
3569,walking
3570,back
3571,class
3572,like
3573,oh
3574,come
3575,party
3576,like
3577,freshman
3578,like
3579,yeah
3580,sure
3581,went
3582,literally
3583,stood
3584,everyones
3585,like
3586,taking
3587,shots
3588,scared
3589,want
3590,take
3591,shot
3592,felt
3593,outcasted
3594,everyone
3595,talking
3596,stood
3597,people
3598,looked
3599,nobody
3600,wanted
3601,approach
3602,wasnt
3603,social
3604,also
3605,period
3606,time
3607,didnt
3608,really
3609,dress
3610,didnt
3611,seem
3612,inviting
3613,guess
3614,really
3615,stiff
3616,friend
3617,groups
3618,thing
3619,get
3620,toxic
3621,towards
3622,end
3623,would
3624,say
3625,remember
3626,like
3627,frank
3628,groups
3629,felt
3630,really
3631,really
3632,trapped
3633,like
3634,feel
3635,like
3636,cant
3637,go
3638,meet
3639,people
3640,dont
3641,current
3642,friend
3643,group
3644,right
3645,yeah
3646,feels
3647,lonely
3648,feels
3649,like
3650,dont
3651,belong
3652,dont
3653,belong
3654,anywhere
3655,like
3656,know
3657,people
3658,like
3659,text
3660,friends
3661,hey
3662,like
3663,hang
3664,dont
3665,friend
3666,group
3667,anymore
3668,im
3669,like
3670,friends
3671,individual
3672,people
3673,feel
3674,causes
3675,less
3676,drama
3677,theres
3678,arguments
3679,within
3680,friend
3681,groups
3682,end
3683,really
3684,badly
3685,thats
3686,happened
3687,dont
3688,want
3689,happen
3690,guess
3691,like
3692,people
3693,relationships
3694,makes
3695,feel
3696,like
3697,belong
3698,belong
3699,another
3700,person
3701,oh
3702,maybe
3703,thats
3704,bad
3705,way
3706,guys
3707,know
3708,mean
3709,connection
3710,person
3711,theyre
3712,always
3713,going
3714,right
3715,dont
3716,always
3717,entire
3718,life
3719,im
3720,always
3721,little
3722,island
3723,everyone
3724,know
3725,groups
3726,groups
3727,groups
3728,groups
3729,groups
3730,groups
3731,groups
3732,im
3733,little
3734,island
3735,right
3736,gets
3737,lonely
3738,feel
3739,like
3740,human
3741,everyone
3742,craves
3743,connection
3744,usually
3745,dont
3746,belong
3747,would
3748,try
3749,fit
3750,whether
3751,thats
3752,like
3753,changing
3754,appearance
3755,know
3756,changing
3757,personality
3758,know
3759,whatever
3760,ive
3761,done
3762,ive
3763,changed
3764,appearance
3765,also
3766,say
3767,changed
3768,appearance
3769,due
3770,like
3771,selfcare
3772,part
3773,also
3774,want
3775,fit
3776,want
3777,people
3778,like
3779,want
3780,make
3781,friends
3782,also
3783,change
3784,personality
3785,would
3786,link
3787,video
3788,right
3789,talked
3790,growing
3791,ugly
3792,introverted
3793,im
3794,also
3795,extroverted
3796,aspects
3797,know
3798,amplified
3799,tried
3800,become
3801,extrovert
3802,hard
3803,keep
3804,needs
3805,constantly
3806,wanting
3807,fit
3808,time
3809,dont
3810,fit
3811,exhausting
3812,maybe
3813,could
3814,also
3815,havent
3816,found
3817,right
3818,people
3819,goes
3820,next
3821,poem
3822,fact
3823,stop
3824,trying
3825,fit
3826,really
3827,stopped
3828,trying
3829,fit
3830,one
3831,prime
3832,examples
3833,trying
3834,fit
3835,posting
3836,social
3837,media
3838,back
3839,scared
3840,post
3841,social
3842,media
3843,thought
3844,people
3845,think
3846,really
3847,got
3848,fact
3849,didnt
3850,fit
3851,first
3852,place
3853,cares
3854,post
3855,social
3856,media
3857,im
3858,gonna
3859,like
3860,lose
3861,bunch
3862,friends
3863,lot
3864,friends
3865,begin
3866,true
3867,friends
3868,stay
3869,end
3870,unapologetically
3871,thats
3872,learned
3873,fitting
3874,exhausting
3875,like
3876,even
3877,feel
3878,like
3879,avoid
3880,social
3881,functions
3882,im
3883,scared
3884,part
3885,wanting
3886,fit
3887,wanting
3888,belong
3889,like
3890,group
3891,talk
3892,people
3893,stand
3894,alone
3895,freaks
3896,days
3897,realized
3898,would
3899,go
3900,certain
3901,social
3902,functions
3903,im
3904,comfortable
3905,enough
3906,im
3907,comfortable
3908,person
3909,would
3910,go
3911,even
3912,like
3913,even
3914,though
3915,dont
3916,belong
3917,certain
3918,groups
3919,even
3920,like
3921,asian
3922,american
3923,often
3924,feel
3925,like
3926,im
3927,asian
3928,enough
3929,dont
3930,speak
3931,mandarin
3932,well
3933,speak
3934,manner
3935,fluently
3936,cant
3937,text
3938,also
3939,im
3940,asian
3941,american
3942,peers
3943,tend
3944,feel
3945,also
3946,dont
3947,fit
3948,like
3949,lot
3950,grown
3951,watching
3952,certain
3953,tv
3954,shows
3955,didnt
3956,grow
3957,watching
3958,certain
3959,tv
3960,shows
3961,even
3962,kid
3963,never
3964,worked
3965,remember
3966,kid
3967,people
3968,would
3969,talk
3970,certain
3971,shows
3972,like
3973,icarly
3974,disney
3975,shows
3976,didnt
3977,access
3978,thats
3979,kid
3980,like
3981,watch
3982,lot
3983,like
3984,taiwanese
3985,historical
3986,dramas
3987,lot
3988,asian
3989,american
3990,friends
3991,would
3992,pack
3993,certain
3994,lunches
3995,like
3996,spam
3997,sandwich
3998,like
3999,peanut
4000,butter
4001,sandwich
4002,mom
4003,packed
4004,pork
4005,leek
4006,dumplings
4007,remember
4008,would
4009,get
4010,made
4011,fun
4012,middle
4013,school
4014,would
4015,open
4016,would
4017,would
4018,certain
4019,scent
4020,remember
4021,one
4022,girl
4023,popular
4024,girl
4025,remember
4026,sitting
4027,end
4028,table
4029,like
4030,dumplings
4031,remember
4032,felt
4033,insecure
4034,literally
4035,went
4036,back
4037,mom
4038,like
4039,mom
4040,dont
4041,pack
4042,dumplings
4043,feel
4044,bad
4045,must
4046,confused
4047,middle
4048,school
4049,kid
4050,wanted
4051,fit
4052,like
4053,kids
4054,say
4055,made
4056,feel
4057,really
4058,awful
4059,felt
4060,like
4061,dont
4062,belong
4063,feel
4064,like
4065,shouldnt
4066,stand
4067,already
4068,dont
4069,belong
4070,even
4071,stand
4072,emphasizes
4073,fact
4074,dont
4075,belong
4076,would
4077,lower
4078,fit
4079,image
4080,already
4081,presented
4082,focused
4083,academics
4084,wouldnt
4085,wear
4086,makeup
4087,wouldnt
4088,wear
4089,certain
4090,clothes
4091,didnt
4092,good
4093,support
4094,group
4095,didnt
4096,like
4097,supportive
4098,friend
4099,group
4100,certain
4101,community
4102,would
4103,like
4104,got
4105,college
4106,changed
4107,personality
4108,made
4109,friend
4110,group
4111,like
4112,embracing
4113,wanted
4114,fit
4115,group
4116,bad
4117,friends
4118,compatible
4119,begin
4120,didnt
4121,share
4122,lot
4123,values
4124,towards
4125,like
4126,know
4127,like
4128,sophomore
4129,junior
4130,year
4131,realized
4132,maybe
4133,dont
4134,need
4135,fit
4136,really
4137,wish
4138,could
4139,sit
4140,like
4141,okay
4142,belong
4143,anywhere
4144,even
4145,im
4146,still
4147,trying
4148,deal
4149,gets
4150,lonely
4151,year
4152,really
4153,tried
4154,meet
4155,people
4156,im
4157,also
4158,introverted
4159,sense
4160,also
4161,kind
4162,hard
4163,trying
4164,feel
4165,also
4166,goes
4167,fact
4168,im
4169,pretty
4170,awkward
4171,person
4172,find
4173,certain
4174,social
4175,settings
4176,sometimes
4177,also
4178,get
4179,pretty
4180,anxious
4181,social
4182,settings
4183,even
4184,belong
4185,like
4186,certain
4187,group
4188,feel
4189,like
4190,imposter
4191,feel
4192,like
4193,fraud
4194,almost
4195,like
4196,feel
4197,like
4198,need
4199,create
4200,sense
4201,person
4202,order
4203,fit
4204,people
4205,grow
4206,kid
4207,fitting
4208,peers
4209,gets
4210,harder
4211,become
4212,adult
4213,try
4214,fit
4215,find
4216,exhausting
4217,came
4218,conclusion
4219,maybe
4220,dont
4221,need
4222,fit
4223,dont
4224,need
4225,fit
4226,makes
4227,feel
4228,free
4229,alone
4230,always
4231,like
4232,dont
4233,need
4234,fit
4235,needs
4236,fit
4237,like
4238,want
4239,thing
4240,time
4241,really
4242,want
4243,open
4244,people
4245,even
4246,like
4247,place
4248,dont
4249,know
4250,exactly
4251,belong
4252,lesson
4253,ive
4254,learned
4255,fact
4256,belong
4257,dont
4258,think
4259,would
4260,done
4261,social
4262,media
4263,basically
4264,back
4265,used
4266,expand
4267,private
4268,snapchat
4269,story
4270,felt
4271,like
4272,annoying
4273,even
4274,though
4275,didnt
4276,force
4277,anyone
4278,click
4279,people
4280,click
4281,still
4282,feel
4283,bad
4284,started
4285,spamming
4286,tick
4287,tock
4288,making
4289,youtube
4290,post
4291,instagram
4292,generally
4293,fit
4294,dont
4295,think
4296,would
4297,posted
4298,social
4299,media
4300,wasnt
4301,friend
4302,group
4303,like
4304,nobody
4305,gonna
4306,make
4307,fun
4308,like
4309,theres
4310,nothing
4311,lose
4312,ill
4313,post
4314,whatever
4315,think
4316,kind
4317,like
4318,bit
4319,start
4320,kind
4321,realized
4322,fact
4323,dont
4324,need
4325,belong
4326,im
4327,gonna
4328,whatever
4329,im
4330,losing
4331,anything
4332,anyway
4333,like
4334,cares
4335,want
4336,meet
4337,people
4338,share
4339,genuine
4340,connection
4341,want
4342,keep
4343,building
4344,little
4345,community
4346,people
4347,something
4348,struggled
4349,entire
4350,life
4351,um
4352,feel
4353,like
4354,ive
4355,never
4356,belonged
4357,anymore
4358,scary
4359,um
4360,thing
4361,tell
4362,stop
4363,trying
4364,stop
4365,trying
4366,belong
4367,gets
4368,exhausting
4369,dont
4370,belong
4371,cant
4372,get
4373,belong
4374,somewhere
4375,stop
4376,trying
4377,belong
4378,youll
4379,eventually
4380,find
4381,place
4382,belong
4383,thing
4384,easy
4385,fake
4386,away
4387,people
4388,dont
4389,actually
4390,want
4391,address
4392,youre
4393,gonna
4394,attract
4395,people
4396,feel
4397,like
4398,oh
4399,god
4400,like
4401,actually
4402,genuinely
4403,like
4404,hang
4405,person
4406,makes
4407,feel
4408,really
4409,great
4410,thats
4411,note
4412,guys
4413,yeah
4414,hope
4415,video
4416,spoke
4417,guys
4418,also
4419,helped
4420,guys
4421,journal
4422,entry
4423,number
4424,four
4425,anyone
4426,feel
4427,like
4428,dont
4429,belong
4430,see
4431,guys
4432,next
4433,week
4434,yeah
4435,bye
4436,something
4437,turning
4438,camera
4439,intimidating
4440,days
4441,today
4442,first
4443,day
4444,taking
4445,five
4446,milligrams
4447,lexapro
4448,familiar
4449,alexa
4450,stop
4451,wasnt
4452,talking
4453,different
4454,relax
4455,antidepressant
4456,diagnosed
4457,minor
4458,depression
4459,im
4460,gonna
4461,cry
4462,dont
4463,really
4464,see
4465,way
4466,depression
4467,like
4468,cant
4469,fathom
4470,day
4471,dont
4472,feel
4473,like
4474,day
4475,like
4476,create
4477,enthusiastically
4478,really
4479,sunny
4480,dont
4481,want
4482,leave
4483,house
4484,even
4485,though
4486,right
4487,jewelry
4488,line
4489,launched
4490,pretty
4491,dramatic
4492,family
4493,stuff
4494,went
4495,think
4496,wasnt
4497,cause
4498,depression
4499,like
4500,pushing
4501,point
4502,really
4503,bad
4504,december
4505,bad
4506,since
4507,dont
4508,wanna
4509,anything
4510,much
4511,guilt
4512,feel
4513,right
4514,like
4515,im
4516,broken
4517,cant
4518,anything
4519,dont
4520,want
4521,anything
4522,im
4523,broken
4524,im
4525,literally
4526,telling
4527,broken
4528,person
4529,leg
4530,get
4531,block
4532,like
4533,broken
4534,person
4535,like
4536,cant
4537,really
4538,hard
4539,like
4540,broken
4541,bone
4542,something
4543,see
4544,dont
4545,even
4546,know
4547,im
4548,crying
4549,much
4550,really
4551,big
4552,decision
4553,make
4554,well
4555,made
4556,thats
4557,im
4558,filming
4559,big
4560,symptom
4561,guess
4562,depression
4563,feeling
4564,enjoyment
4565,things
4566,found
4567,enjoyable
4568,feel
4569,editing
4570,making
4571,videos
4572,working
4573,im
4574,job
4575,im
4576,less
4577,way
4578,less
4579,really
4580,tough
4581,deal
4582,someone
4583,puts
4584,lot
4585,selfworth
4586,work
4587,work
4588,ability
4589,work
4590,give
4591,security
4592,control
4593,future
4594,money
4595,high
4596,used
4597,work
4598,busy
4599,used
4600,anyones
4601,fault
4602,except
4603,thats
4604,like
4605,tough
4606,handle
4607,brand
4608,deal
4609,came
4610,would
4611,take
4612,care
4613,rest
4614,rent
4615,long
4616,im
4617,apartment
4618,initially
4619,said
4620,yes
4621,created
4622,source
4623,dread
4624,like
4625,frick
4626,need
4627,get
4628,better
4629,felt
4630,like
4631,every
4632,day
4633,waking
4634,ticking
4635,time
4636,bomb
4637,gotta
4638,get
4639,better
4640,april
4641,got
4642,get
4643,together
4644,april
4645,come
4646,katie
4647,april
4648,obviously
4649,terrifying
4650,money
4651,gonna
4652,come
4653,start
4654,getting
4655,back
4656,working
4657,making
4658,videos
4659,say
4660,yes
4661,felt
4662,like
4663,would
4664,letting
4665,money
4666,security
4667,tie
4668,leash
4669,chains
4670,around
4671,neck
4672,like
4673,drag
4674,next
4675,six
4676,months
4677,like
4678,praying
4679,day
4680,today
4681,yesterday
4682,said
4683,feels
4684,weird
4685,hit
4686,rock
4687,bottom
4688,cant
4689,even
4690,count
4691,save
4692,season
4693,shown
4694,futile
4695,like
4696,never
4697,thought
4698,get
4699,point
4700,im
4701,acutely
4702,aware
4703,inability
4704,save
4705,cure
4706,thing
4707,left
4708,trust
4709,god
4710,people
4711,hear
4712,somebodys
4713,diagnosed
4714,depression
4715,would
4716,assume
4717,theyre
4718,like
4719,crying
4720,every
4721,day
4722,sobbing
4723,mourning
4724,weeping
4725,actually
4726,crazy
4727,numbness
4728,numbness
4729,like
4730,apathy
4731,toward
4732,everything
4733,constant
4734,war
4735,head
4736,sad
4737,feel
4738,like
4739,energy
4740,theres
4741,another
4742,voice
4743,thats
4744,like
4745,hurry
4746,get
4747,better
4748,hurry
4749,get
4750,hurry
4751,stand
4752,need
4753,get
4754,back
4755,work
4756,sitting
4757,butt
4758,really
4759,annoying
4760,anxious
4761,place
4762,youre
4763,allowing
4764,rest
4765,youre
4766,allowing
4767,get
4768,better
4769,youre
4770,mad
4771,healing
4772,cant
4773,heal
4774,today
4775,third
4776,time
4777,slept
4778,appointment
4779,freaking
4780,depression
4781,medication
4782,bro
4783,psychiatrist
4784,dose
4785,10
4786,milligrams
4787,body
4788,cannot
4789,handle
4790,10
4791,milligrams
4792,today
4793,ive
4794,slept
4795,therapy
4796,appointment
4797,okay
4798,im
4799,like
4800,getting
4801,scared
4802,like
4803,yo
4804,medication
4805,isnt
4806,right
4807,thats
4808,mom
4809,saying
4810,moms
4811,like
4812,dont
4813,know
4814,feel
4815,like
4816,made
4817,worse
4818,im
4819,like
4820,shes
4821,right
4822,depressed
4823,like
4824,ive
4825,heard
4826,many
4827,stories
4828,people
4829,taking
4830,meds
4831,dont
4832,like
4833,make
4834,feel
4835,like
4836,deal
4837,depression
4838,im
4839,like
4840,youre
4841,telling
4842,like
4843,might
4844,know
4845,im
4846,freaking
4847,im
4848,scared
4849,never
4850,get
4851,better
4852,depression
4853,pruning
4854,disarming
4855,every
4856,single
4857,personality
4858,trait
4859,held
4860,dear
4861,prided
4862,really
4863,competent
4864,person
4865,would
4866,never
4867,ever
4868,dare
4869,miss
4870,meeting
4871,exactly
4872,opposite
4873,things
4874,antidepressants
4875,working
4876,theyre
4877,working
4878,however
4879,drowsiness
4880,terrible
4881,im
4882,literally
4883,planning
4884,first
4885,video
4886,cannot
4887,believe
4888,getting
4889,back
4890,work
4891,thinking
4892,idea
4893,editing
4894,video
4895,thinking
4896,even
4897,opening
4898,editing
4899,software
4900,made
4901,want
4902,vomit
4903,last
4904,three
4905,months
4906,guess
4907,old
4908,version
4909,would
4910,proud
4911,managed
4912,something
4913,superhuman
4914,like
4915,fashion
4916,wasnt
4917,didnt
4918,applaud
4919,right
4920,im
4921,state
4922,leave
4923,house
4924,applaud
4925,errand
4926,applaud
4927,friend
4928,like
4929,ever
4930,occurred
4931,never
4932,celebrated
4933,small
4934,wins
4935,life
4936,forced
4937,superhuman
4938,time
4939,thats
4940,landed
4941,season
4942,life
4943,celebrate
4944,small
4945,ones
4946,like
4947,correct
4948,past
4949,three
4950,months
4951,really
4952,scary
4953,roots
4954,grow
4955,deepest
4956,winters
4957,ive
4958,always
4959,envious
4960,girls
4961,friends
4962,know
4963,girls
4964,lots
4965,friends
4966,alone
4967,figure
4968,lot
4969,things
4970,never
4971,really
4972,know
4973,youre
4974,completely
4975,alone
4976,friends
4977,feel
4978,like
4979,theres
4980,certain
4981,breakthrough
4982,probably
4983,never
4984,worthy
4985,friends
4986,dont
4987,ever
4988,let
4989,friends
4990,stop
4991,living
4992,best
4993,life
4994,whoa
4995,hey
4996,really
4997,bad
4998,intro
4999,anyways
5000,hi
5001,everyone
5002,welcome
5003,back
5004,channel
5005,journal
5006,entry
5007,episode
5008,eight
5009,going
5010,talking
5011,friends
5012,completely
5013,okay
5014,im
5015,kind
5016,shocked
5017,havent
5018,talked
5019,guys
5020,see
5021,lot
5022,things
5023,ive
5024,always
5025,trouble
5026,keeping
5027,friends
5028,long
5029,term
5030,go
5031,lot
5032,issues
5033,mine
5034,kid
5035,ive
5036,always
5037,extremely
5038,insecure
5039,didnt
5040,know
5041,lot
5042,friends
5043,like
5044,really
5045,low
5046,selfesteem
5047,ever
5048,since
5049,kid
5050,everything
5051,always
5052,kind
5053,like
5054,didnt
5055,really
5056,learn
5057,enjoy
5058,things
5059,kid
5060,ive
5061,always
5062,envious
5063,girls
5064,friends
5065,know
5066,girls
5067,lots
5068,friends
5069,always
5070,wanted
5071,like
5072,gotten
5073,older
5074,realized
5075,friends
5076,really
5077,okay
5078,really
5079,alone
5080,figure
5081,lot
5082,things
5083,youve
5084,never
5085,really
5086,known
5087,sometimes
5088,youre
5089,group
5090,setting
5091,lot
5092,us
5093,tend
5094,like
5095,go
5096,flow
5097,go
5098,friends
5099,want
5100,want
5101,want
5102,enjoy
5103,company
5104,completely
5105,fine
5106,dont
5107,realize
5108,want
5109,like
5110,activity
5111,guys
5112,together
5113,right
5114,friends
5115,company
5116,like
5117,company
5118,like
5119,activity
5120,doesnt
5121,mean
5122,like
5123,activity
5124,friends
5125,hang
5126,really
5127,try
5128,things
5129,enjoy
5130,right
5131,obvious
5132,like
5133,know
5134,want
5135,friends
5136,normal
5137,feel
5138,lonely
5139,sometimes
5140,feel
5141,like
5142,feel
5143,lonely
5144,like
5145,feel
5146,bad
5147,youre
5148,like
5149,need
5150,understand
5151,normal
5152,normal
5153,feel
5154,lonely
5155,normal
5156,want
5157,company
5158,people
5159,start
5160,pushing
5161,thought
5162,away
5163,tell
5164,normal
5165,im
5166,human
5167,shouldnt
5168,want
5169,socialize
5170,people
5171,friendships
5172,also
5173,make
5174,feel
5175,lonely
5176,youre
5177,group
5178,people
5179,doesnt
5180,mean
5181,would
5182,feel
5183,included
5184,right
5185,somehow
5186,youre
5187,group
5188,people
5189,feel
5190,like
5191,outcast
5192,feel
5193,like
5194,oh
5195,god
5196,like
5197,feel
5198,like
5199,nobody
5200,really
5201,gives
5202,two
5203,shits
5204,like
5205,said
5206,im
5207,want
5208,company
5209,others
5210,even
5211,though
5212,im
5213,really
5214,enjoying
5215,company
5216,would
5217,rather
5218,feeling
5219,lonely
5220,feeling
5221,lonely
5222,group
5223,personally
5224,would
5225,rather
5226,feel
5227,lonely
5228,like
5229,whats
5230,point
5231,hang
5232,people
5233,feel
5234,lonely
5235,youre
5236,friends
5237,become
5238,fixated
5239,become
5240,focused
5241,dont
5242,really
5243,care
5244,want
5245,dont
5246,care
5247,goals
5248,us
5249,want
5250,hold
5251,song
5252,want
5253,hold
5254,friends
5255,feel
5256,youve
5257,alone
5258,long
5259,leave
5260,leave
5261,someone
5262,else
5263,whether
5264,im
5265,good
5266,enough
5267,dont
5268,blame
5269,know
5270,want
5271,friends
5272,sometimes
5273,might
5274,even
5275,lose
5276,passions
5277,goals
5278,might
5279,set
5280,aside
5281,like
5282,thing
5283,dont
5284,even
5285,realize
5286,say
5287,like
5288,friends
5289,fault
5290,fault
5291,im
5292,encouraging
5293,youtube
5294,boyfriend
5295,youre
5296,completely
5297,alone
5298,friends
5299,feel
5300,like
5301,theres
5302,certain
5303,breakthrough
5304,probably
5305,never
5306,mean
5307,course
5308,gets
5309,dark
5310,sometimes
5311,also
5312,breakthrough
5313,realize
5314,capable
5315,absolutely
5316,everything
5317,mindset
5318,even
5319,get
5320,back
5321,friend
5322,groups
5323,still
5324,mindset
5325,personally
5326,dont
5327,think
5328,taken
5329,away
5330,breakthrough
5331,friends
5332,realize
5333,everything
5334,sometimes
5335,things
5336,like
5337,much
5338,fear
5339,youre
5340,like
5341,oh
5342,god
5343,cannot
5344,someone
5345,else
5346,literally
5347,sometimes
5348,overthink
5349,things
5350,think
5351,much
5352,waste
5353,energy
5354,literally
5355,waste
5356,energy
5357,anxious
5358,24
5359,7
5360,trust
5361,actually
5362,thing
5363,scary
5364,think
5365,feel
5366,like
5367,sometimes
5368,friends
5369,sometimes
5370,try
5371,prove
5372,worthy
5373,friends
5374,start
5375,things
5376,make
5377,feel
5378,need
5379,better
5380,feel
5381,im
5382,worthy
5383,friends
5384,things
5385,worth
5386,friend
5387,create
5388,better
5389,version
5390,make
5391,sure
5392,youre
5393,creating
5394,right
5395,reason
5396,youre
5397,creating
5398,thats
5399,proof
5400,anyone
5401,worth
5402,friends
5403,negative
5404,mind
5405,feel
5406,oh
5407,dont
5408,deserve
5409,friends
5410,mental
5411,issues
5412,friendship
5413,breaks
5414,blame
5415,im
5416,like
5417,oh
5418,fault
5419,fault
5420,one
5421,called
5422,im
5423,one
5424,left
5425,friendship
5426,work
5427,needs
5428,parties
5429,right
5430,sometimes
5431,need
5432,remind
5433,also
5434,didnt
5435,anything
5436,fix
5437,friendship
5438,tell
5439,mentally
5440,ill
5441,doesnt
5442,mean
5443,dont
5444,deserve
5445,friendships
5446,something
5447,felt
5448,like
5449,almost
5450,im
5451,punishing
5452,came
5453,realize
5454,trying
5455,better
5456,feel
5457,like
5458,counts
5459,something
5460,feel
5461,like
5462,oh
5463,god
5464,feel
5465,alone
5466,friends
5467,like
5468,must
5469,loser
5470,thing
5471,cannot
5472,force
5473,friends
5474,doesnt
5475,mean
5476,youre
5477,youre
5478,less
5479,worthy
5480,compared
5481,people
5482,im
5483,also
5484,saying
5485,like
5486,oh
5487,look
5488,people
5489,friends
5490,friendships
5491,extremely
5492,beautiful
5493,healthy
5494,healthy
5495,friendships
5496,know
5497,supporting
5498,one
5499,another
5500,us
5501,havent
5502,found
5503,right
5504,people
5505,want
5506,guys
5507,stay
5508,home
5509,cool
5510,really
5511,genuine
5512,easy
5513,like
5514,thats
5515,fault
5516,steer
5517,us
5518,somebody
5519,sometimes
5520,realize
5521,maybe
5522,im
5523,problem
5524,speeds
5525,selfgrowth
5526,realize
5527,theres
5528,problem
5529,within
5530,human
5531,problems
5532,dont
5533,shame
5534,dont
5535,try
5536,close
5537,friends
5538,doesnt
5539,mean
5540,youre
5541,gonna
5542,friends
5543,future
5544,right
5545,theres
5546,lot
5547,people
5548,dealing
5549,us
5550,especially
5551,youre
5552,early
5553,20s
5554,talked
5555,enough
5556,realize
5557,capable
5558,alone
5559,almost
5560,like
5561,superpower
5562,happiness
5563,come
5564,within
5565,dont
5566,need
5567,anyone
5568,complete
5569,yes
5570,help
5571,make
5572,happier
5573,get
5574,happiness
5575,want
5576,within
5577,spread
5578,happiness
5579,happy
5580,unhappy
5581,hell
5582,spread
5583,happiness
5584,im
5585,saying
5586,spread
5587,happiness
5588,others
5589,make
5590,interaction
5591,joyful
5592,realize
5593,happy
5594,attract
5595,people
5596,like
5597,tend
5598,get
5599,insecure
5600,sometimes
5601,like
5602,project
5603,sometimes
5604,think
5605,oh
5606,im
5607,insecure
5608,probably
5609,think
5610,bad
5611,really
5612,toxic
5613,goes
5614,show
5615,im
5616,insecure
5617,happy
5618,confident
5619,interaction
5620,happens
5621,another
5622,person
5623,great
5624,wouldnt
5625,selfconscious
5626,wouldnt
5627,think
5628,want
5629,think
5630,im
5631,confident
5632,im
5633,feeling
5634,good
5635,believe
5636,need
5637,achieve
5638,happiness
5639,achieve
5640,happiness
5641,want
5642,go
5643,sit
5644,beach
5645,go
5646,sit
5647,beach
5648,things
5649,builds
5650,confidence
5651,build
5652,confidence
5653,realize
5654,almost
5655,everything
5656,im
5657,saying
5658,youre
5659,know
5660,attract
5661,people
5662,youre
5663,becoming
5664,happier
5665,time
5666,youre
5667,attracting
5668,people
5669,like
5670,winwin
5671,im
5672,trying
5673,like
5674,oh
5675,everything
5676,dont
5677,need
5678,people
5679,im
5680,saying
5681,dont
5682,close
5683,people
5684,want
5685,guys
5686,enjoy
5687,alone
5688,time
5689,people
5690,come
5691,judge
5692,want
5693,let
5694,slowly
5695,get
5696,know
5697,dont
5698,get
5699,attached
5700,fast
5701,dont
5702,build
5703,image
5704,food
5705,theyre
5706,gonna
5707,dont
5708,feel
5709,like
5710,theyre
5711,right
5712,slowly
5713,get
5714,know
5715,patient
5716,theyll
5717,slowly
5718,show
5719,get
5720,decide
5721,whether
5722,want
5723,continue
5724,pursuing
5725,apprenticeship
5726,feel
5727,like
5728,open
5729,people
5730,able
5731,meet
5732,lot
5733,good
5734,people
5735,good
5736,friends
5737,year
5738,hang
5739,friends
5740,like
5741,like
5742,genuinely
5743,enjoy
5744,like
5745,genuinely
5746,go
5747,back
5748,home
5749,like
5750,really
5751,enjoy
5752,interaction
5753,im
5754,really
5755,proud
5756,say
5757,like
5758,back
5759,sometimes
5760,go
5761,get
5762,home
5763,interaction
5764,like
5765,friends
5766,feels
5767,awful
5768,however
5769,still
5770,time
5771,enjoy
5772,alone
5773,time
5774,well
5775,theres
5776,something
5777,different
5778,hang
5779,also
5780,amazing
5781,hang
5782,really
5783,good
5784,friends
5785,need
5786,make
5787,sure
5788,dont
5789,lose
5790,sense
5791,identity
5792,hang
5793,people
5794,mean
5795,course
5796,identity
5797,always
5798,change
5799,hold
5800,feels
5801,true
5802,hold
5803,matter
5804,hang
5805,took
5806,lose
5807,friendship
5808,understand
5809,im
5810,saying
5811,like
5812,oh
5813,god
5814,friendship
5815,order
5816,figure
5817,friendship
5818,ended
5819,realized
5820,much
5821,things
5822,wanted
5823,never
5824,realized
5825,wanted
5826,fixated
5827,ever
5828,since
5829,know
5830,want
5831,goals
5832,know
5833,like
5834,know
5835,dont
5836,like
5837,happened
5838,alone
5839,long
5840,lot
5841,things
5842,lot
5843,guys
5844,clearly
5845,tell
5846,content
5847,channel
5848,life
5849,lonely
5850,something
5851,makes
5852,bearable
5853,finding
5854,things
5855,like
5856,life
5857,worth
5858,living
5859,kind
5860,people
5861,sometimes
5862,take
5863,little
5864,tiny
5865,thing
5866,make
5867,day
5868,really
5869,really
5870,great
5871,normal
5872,feel
5873,lonely
5874,feel
5875,like
5876,one
5877,talk
5878,dont
5879,let
5880,stop
5881,living
5882,dont
5883,ever
5884,let
5885,friends
5886,stop
5887,living
5888,best
5889,life
5890,okay
5891,youre
5892,life
5893,depend
5894,others
5895,enough
5896,need
5897,believe
5898,realize
5899,much
5900,achieve
5901,alone
5902,become
5903,unstoppable
5904,im
5905,lying
5906,im
5907,really
5908,reason
5909,youll
5910,unstoppable
5911,things
5912,want
5913,one
5914,stop
5915,person
5916,stop
5917,realize
5918,im
5919,gonna
5920,become
5921,obstacle
5922,go
5923,achieve
5924,friends
5925,doesnt
5926,mean
5927,cant
5928,achieve
5929,dreams
5930,whatever
5931,certain
5932,issues
5933,preventing
5934,reading
5935,products
5936,thats
5937,selfreflection
5938,important
5939,going
5940,therapy
5941,journaling
5942,self
5943,growth
5944,important
5945,issues
5946,want
5947,get
5948,better
5949,um
5950,thats
5951,end
5952,journal
5953,entry
5954,episode
5955,eight
5956,friends
5957,completely
5958,okay
5959,hope
5960,guys
5961,enjoyed
5962,journal
5963,entry
5964,im
5965,really
5966,happy
5967,able
5968,talk
5969,guess
5970,wish
5971,someone
5972,told
5973,maybe
5974,younger
5975,um
5976,im
5977,making
5978,video
5979,trust
5980,youll
5981,find
5982,good
5983,people
5984,along
5985,way
5986,better
5987,makes
5988,happy
5989,okay
5990,okay
5991,anyways
5992,see
5993,guys
5994,soon
5995,hope
5996,guys
5997,lovely
5998,rest
5999,morning
6000,afternoon
6001,night
6002,okay
6003,okay
6004,bye
6005,cant
6006,stop
6007,crying
6008,dont
6009,know
6010,healthy
6011,ive
6012,crying
6013,almost
6014,every
6015,single
6016,day
6017,bad
6018,dont
6019,know
6020,dont
6021,know
6022,dont
6023,know
6024,dont
6025,know
6026,dont
6027,know
6028,im
6029,like
6030,getting
6031,depressed
6032,crying
6033,zoey
6034,know
6035,zoe
6036,many
6037,people
6038,know
6039,exact
6040,person
6041,one
6042,almost
6043,gets
6044,forgotten
6045,hidden
6046,away
6047,journal
6048,really
6049,stuck
6050,right
6051,video
6052,put
6053,making
6054,almost
6055,year
6056,im
6057,going
6058,apologize
6059,anyone
6060,needed
6061,fresh
6062,wound
6063,least
6064,turn
6065,scab
6066,start
6067,talking
6068,emotional
6069,wreck
6070,oh
6071,boy
6072,even
6073,start
6074,dont
6075,dont
6076,even
6077,know
6078,begin
6079,like
6080,going
6081,kind
6082,long
6083,story
6084,dont
6085,know
6086,makes
6087,want
6088,like
6089,cry
6090,makes
6091,think
6092,life
6093,meaningless
6094,right
6095,maybe
6096,less
6097,right
6098,even
6099,less
6100,right
6101,ever
6102,experienced
6103,stage
6104,life
6105,one
6106,thing
6107,falls
6108,apart
6109,another
6110,keep
6111,telling
6112,get
6113,better
6114,soon
6115,hopes
6116,keep
6117,getting
6118,crushed
6119,bad
6120,news
6121,rejection
6122,pain
6123,whole
6124,year
6125,well
6126,interesting
6127,amazing
6128,moments
6129,felt
6130,like
6131,living
6132,dream
6133,life
6134,moments
6135,living
6136,nightmare
6137,im
6138,sorry
6139,zoe
6140,unfortunately
6141,cant
6142,cant
6143,take
6144,risk
6145,moments
6146,felt
6147,super
6148,loved
6149,supported
6150,connected
6151,moments
6152,felt
6153,cut
6154,one
6155,relate
6156,one
6157,cared
6158,alone
6159,moments
6160,felt
6161,refreshed
6162,serene
6163,moments
6164,felt
6165,anxious
6166,useless
6167,behind
6168,everything
6169,moments
6170,betrayal
6171,rejection
6172,defeat
6173,moments
6174,heartbreak
6175,despair
6176,thinking
6177,ill
6178,die
6179,alone
6180,moments
6181,let
6182,others
6183,moments
6184,let
6185,moments
6186,tried
6187,running
6188,away
6189,problems
6190,trying
6191,change
6192,identity
6193,trying
6194,cut
6195,past
6196,trying
6197,move
6198,moments
6199,pain
6200,past
6201,crept
6202,back
6203,engulfed
6204,stress
6205,eat
6206,sometimes
6207,whenever
6208,feel
6209,think
6210,stigma
6211,around
6212,like
6213,depression
6214,like
6215,mental
6216,health
6217,issues
6218,makes
6219,even
6220,worse
6221,like
6222,stresses
6223,least
6224,stressed
6225,think
6226,could
6227,potentially
6228,like
6229,depressed
6230,like
6231,anxiety
6232,holy
6233,crap
6234,like
6235,depressed
6236,like
6237,life
6238,going
6239,derail
6240,go
6241,like
6242,black
6243,hole
6244,something
6245,like
6246,something
6247,like
6248,think
6249,lot
6250,anxiety
6251,depression
6252,wisdom
6253,inside
6254,us
6255,trying
6256,get
6257,us
6258,really
6259,pay
6260,attention
6261,whats
6262,going
6263,one
6264,coming
6265,save
6266,need
6267,save
6268,okay
6269,human
6270,stuff
6271,like
6272,cute
6273,stuff
6274,whatever
6275,yeah
6276,journal
6277,one
6278,losing
6279,dream
6280,feels
6281,really
6282,unreal
6283,finally
6284,making
6285,creative
6286,passions
6287,like
6288,fulltime
6289,career
6290,high
6291,hopes
6292,something
6293,questions
6294,feel
6295,thats
6296,something
6297,almost
6298,seriously
6299,like
6300,dream
6301,come
6302,true
6303,fell
6304,sudden
6305,happens
6306,thought
6307,met
6308,one
6309,happens
6310,thought
6311,perfect
6312,opportunity
6313,meant
6314,okay
6315,okay
6316,quitting
6317,full
6318,year
6319,quitting
6320,job
6321,big4
6322,already
6323,knew
6324,wasnt
6325,working
6326,felt
6327,like
6328,selfbetrayal
6329,felt
6330,like
6331,selling
6332,time
6333,soul
6334,something
6335,didnt
6336,even
6337,care
6338,like
6339,crying
6340,half
6341,time
6342,work
6343,like
6344,th
6345,like
6346,making
6347,sense
6348,really
6349,good
6350,um
6351,system
6352,inside
6353,knows
6354,whats
6355,good
6356,whats
6357,good
6358,telling
6359,isnt
6360,good
6361,almost
6362,cried
6363,meeting
6364,actually
6365,kind
6366,cry
6367,meeting
6368,hope
6369,team
6370,didnt
6371,notice
6372,really
6373,trying
6374,like
6375,hang
6376,immediately
6377,like
6378,couldnt
6379,stand
6380,cant
6381,anymore
6382,dont
6383,know
6384,would
6385,like
6386,cry
6387,talk
6388,people
6389,job
6390,like
6391,feel
6392,something
6393,know
6394,something
6395,personal
6396,something
6397,know
6398,every
6399,one
6400,thats
6401,central
6402,concerns
6403,something
6404,know
6405,everyone
6406,meet
6407,anywhere
6408,world
6409,street
6410,mainspring
6411,whatever
6412,whatever
6413,put
6414,us
6415,want
6416,happy
6417,together
6418,imagine
6419,happiness
6420,differs
6421,one
6422,another
6423,already
6424,lot
6425,common
6426,want
6427,happy
6428,topic
6429,gratefulness
6430,connection
6431,happiness
6432,gratefulness
6433,many
6434,people
6435,would
6436,say
6437,well
6438,thats
6439,easy
6440,happy
6441,grateful
6442,think
6443,really
6444,happy
6445,people
6446,grateful
6447,know
6448,quite
6449,number
6450,people
6451,everything
6452,would
6453,take
6454,happy
6455,happy
6456,want
6457,something
6458,else
6459,want
6460,know
6461,people
6462,lots
6463,misfortune
6464,misfortune
6465,would
6466,want
6467,deeply
6468,happy
6469,radiate
6470,happiness
6471,surprised
6472,grateful
6473,happiness
6474,makes
6475,us
6476,grateful
6477,gratefulness
6478,makes
6479,us
6480,happy
6481,think
6482,happiness
6483,makes
6484,grateful
6485,think
6486,gratefulness
6487,makes
6488,happy
6489,ask
6490,really
6491,mean
6492,gratefulness
6493,work
6494,appeal
6495,experience
6496,know
6497,experience
6498,goes
6499,experience
6500,something
6501,thats
6502,valuable
6503,us
6504,something
6505,given
6506,us
6507,thats
6508,valuable
6509,us
6510,really
6511,given
6512,two
6513,things
6514,come
6515,together
6516,something
6517,valuable
6518,real
6519,gift
6520,havent
6521,bought
6522,havent
6523,earned
6524,havent
6525,traded
6526,havent
6527,worked
6528,given
6529,two
6530,things
6531,come
6532,together
6533,something
6534,thats
6535,really
6536,valuable
6537,realize
6538,freely
6539,given
6540,gratefulness
6541,spontaneously
6542,rises
6543,heart
6544,happiness
6545,spontaneously
6546,rises
6547,heart
6548,thats
6549,gratefulness
6550,happens
6551,key
6552,cannot
6553,experience
6554,cannot
6555,grateful
6556,experiences
6557,people
6558,live
6559,gratefully
6560,grateful
6561,living
6562,thing
6563,live
6564,gratefully
6565,experiencing
6566,becoming
6567,aware
6568,every
6569,moment
6570,given
6571,moment
6572,say
6573,gift
6574,havent
6575,earned
6576,havent
6577,brought
6578,way
6579,way
6580,assuring
6581,another
6582,moment
6583,given
6584,yet
6585,thats
6586,valuable
6587,thing
6588,ever
6589,given
6590,us
6591,moment
6592,opportunity
6593,contains
6594,didnt
6595,present
6596,moment
6597,wouldnt
6598,opportunity
6599,anything
6600,experience
6601,anything
6602,moment
6603,gift
6604,given
6605,moment
6606,say
6607,say
6608,gift
6609,within
6610,gift
6611,really
6612,opportunity
6613,really
6614,grateful
6615,opportunity
6616,thing
6617,given
6618,thing
6619,somewhere
6620,else
6621,didnt
6622,opportunity
6623,enjoy
6624,something
6625,wouldnt
6626,grateful
6627,opportunity
6628,gift
6629,within
6630,every
6631,gift
6632,saying
6633,opportunity
6634,knocks
6635,well
6636,think
6637,every
6638,moment
6639,new
6640,gift
6641,miss
6642,opportunity
6643,moment
6644,another
6645,moment
6646,given
6647,us
6648,another
6649,moment
6650,hey
6651,guys
6652,welcome
6653,back
6654,video
6655,say
6656,positive
6657,video
6658,desperately
6659,need
6660,right
6661,ive
6662,positive
6663,happy
6664,calm
6665,person
6666,past
6667,couple
6668,days
6669,week
6670,although
6671,ive
6672,done
6673,pretty
6674,good
6675,job
6676,containing
6677,inside
6678,showing
6679,externally
6680,still
6681,like
6682,mental
6683,turmoil
6684,tornadoes
6685,tsunamis
6686,going
6687,like
6688,best
6689,feeling
6690,video
6691,also
6692,inspired
6693,questions
6694,amas
6695,couple
6696,weeks
6697,ago
6698,instagram
6699,stories
6700,first
6701,one
6702,positive
6703,grateful
6704,mindset
6705,even
6706,lowest
6707,first
6708,thing
6709,celebrate
6710,small
6711,wins
6712,looks
6713,like
6714,celebrating
6715,fact
6716,im
6717,alive
6718,woke
6719,morning
6720,im
6721,breathing
6722,theres
6723,roof
6724,head
6725,theres
6726,food
6727,stomach
6728,get
6729,talk
6730,camera
6731,upload
6732,onto
6733,computer
6734,access
6735,thing
6736,called
6737,internet
6738,wifi
6739,able
6740,post
6741,thing
6742,called
6743,youtube
6744,guys
6745,watch
6746,video
6747,illuminated
6748,screen
6749,whether
6750,phone
6751,laptop
6752,like
6753,saying
6754,loud
6755,reminding
6756,things
6757,already
6758,versus
6759,things
6760,want
6761,things
6762,feel
6763,need
6764,already
6765,reassuring
6766,grounding
6767,humbling
6768,theres
6769,much
6770,beauty
6771,around
6772,us
6773,times
6774,fixated
6775,stuck
6776,heads
6777,forget
6778,theres
6779,beauty
6780,theres
6781,love
6782,theres
6783,happiness
6784,joy
6785,around
6786,think
6787,really
6788,like
6789,separate
6790,caught
6791,second
6792,thing
6793,remember
6794,temporary
6795,life
6796,feelings
6797,positive
6798,feelings
6799,negative
6800,feelings
6801,impossible
6802,feel
6803,one
6804,way
6805,time
6806,impossible
6807,positive
6808,time
6809,impossible
6810,productive
6811,time
6812,impossible
6813,happy
6814,time
6815,think
6816,unrealistic
6817,expectation
6818,set
6819,like
6820,need
6821,time
6822,like
6823,need
6824,strive
6825,like
6826,x
6827,z
6828,time
6829,discrepancy
6830,want
6831,versus
6832,humans
6833,fact
6834,possible
6835,discrepancy
6836,causes
6837,lot
6838,uneasiness
6839,stress
6840,lives
6841,know
6842,life
6843,comes
6844,seasons
6845,life
6846,comes
6847,cycles
6848,need
6849,feel
6850,good
6851,sometimes
6852,break
6853,eventually
